STK,SWR,TST,SWA,IMP,INF,OPS
STK001,SWR001,TST001,,,,
STK001,SWR001,TST002,,,,
STK001,SWR001,TST005,,,,
STK001,SWR001,TST006,,,,
STK001,SWR001,TST007,,,,
STK001,SWR001,TST008,,,,
STK001,SWR001,,SWA001,IMP001,,
STK001,SWR001,,SWA001,IMP002,,
STK001,SWR001,,SWA001,IMP003,,
STK001,SWR001,,SWA001,IMP004,,
STK001,SWR001,,SWA001,IMP013,,
STK001,SWR001,,SWA001,IMP014,,
STK001,SWR001,,SWA001,IMP015,,
STK001,SWR001,,SWA001,IMP016,,
STK001,SWR001,,SWA001,IMP017,,
STK001,SWR001,,SWA001,IMP018,,
STK001,SWR001,,SWA002,IMP006,,
STK001,SWR001,,SWA002,IMP012,,
STK001,SWR001,,SWA004,IMP001,,
STK001,SWR001,,SWA004,IMP002,,
STK001,SWR001,,SWA004,IMP003,,
STK001,SWR001,,SWA004,IMP004,,
STK001,SWR001,,SWA004,IMP014,,
STK001,SWR001,,SWA004,IMP015,,
STK001,SWR001,,SWA004,IMP017,,
STK001,SWR001,,SWA004,IMP018,,
STK001,SWR001,,SWA004,IMP019,,
STK001,SWR001,,SWA007,IMP001,,
STK001,SWR001,,SWA007,IMP008,,
STK001,SWR001,,SWA007,IMP010,,
STK001,SWR001,,SWA007,IMP011,,
STK001,SWR001,,SWA007,IMP013,,
STK001,SWR001,,SWA013,IMP015,,
STK001,SWR001,,SWA013,IMP018,,
STK001,SWR001,,SWA013,IMP019,,
STK001,SWR001,,SWA015,,,
STK001,SWR002,TST003,,,,
STK001,SWR002,TST004,,,,
STK001,SWR002,,SWA004,IMP001,,
STK001,SWR002,,SWA004,IMP002,,
STK001,SWR002,,SWA004,IMP003,,
STK001,SWR002,,SWA004,IMP004,,
STK001,SWR002,,SWA004,IMP014,,
STK001,SWR002,,SWA004,IMP015,,
STK001,SWR002,,SWA004,IMP017,,
STK001,SWR002,,SWA004,IMP018,,
STK001,SWR002,,SWA004,IMP019,,
STK001,SWR018,,SWA012,,,
STK001,SWR019,,,,,
STK001,SWR020,,SWA013,IMP015,,
STK001,SWR020,,SWA013,IMP018,,
STK001,SWR020,,SWA013,IMP019,,
STK001,SWR021,,SWA013,IMP015,,
STK001,SWR021,,SWA013,IMP018,,
STK001,SWR021,,SWA013,IMP019,,
STK001,SWR025,,,,,
STK001,SWR026,,,,,
STK001,SWR027,,,,,
STK002,SWR003,TST007,,,,
STK002,SWR003,TST008,,,,
STK002,SWR003,,SWA002,IMP006,,
STK002,SWR003,,SWA002,IMP012,,
STK002,SWR003,,SWA007,IMP001,,
STK002,SWR003,,SWA007,IMP008,,
STK002,SWR003,,SWA007,IMP010,,
STK002,SWR003,,SWA007,IMP011,,
STK002,SWR003,,SWA007,IMP013,,
STK002,SWR003,,SWA011,,,
STK002,SWR003,,SWA015,,,
STK002,SWR017,,SWA011,,,
STK002,SWR050,,,,,
STK002,SWR053,,,,,
STK002,SWR074,,SWA034,,,
STK003,SWR004,,SWA006,,,
STK003,SWR004,,SWA008,IMP009,,
STK003,SWR004,,SWA008,IMP016,,
STK003,SWR005,,SWA008,IMP009,,
STK003,SWR005,,SWA008,IMP016,,
STK004,SWR006,,SWA004,IMP001,,
STK004,SWR006,,SWA004,IMP002,,
STK004,SWR006,,SWA004,IMP003,,
STK004,SWR006,,SWA004,IMP004,,
STK004,SWR006,,SWA004,IMP014,,
STK004,SWR006,,SWA004,IMP015,,
STK004,SWR006,,SWA004,IMP017,,
STK004,SWR006,,SWA004,IMP018,,
STK004,SWR006,,SWA004,IMP019,,
STK004,SWR056,,SWA031,,,
STK005,SWR007,,SWA010,,,
STK005,SWR007,,SWA029,,,
STK005,SWR016,,SWA010,,,
STK005,SWR028,,,,,
STK005,SWR043,,SWA029,,,
STK005,SWR051,,,,,
STK005,SWR053,,,,,
STK006,SWR008,,SWA005,IMP005,,
STK007,SWR010,,SWA017,,,
STK007,SWR010,,SWA018,,,
STK007,SWR010,,SWA030,,,
STK007,,,,,INF001,OPS002
STK007,,,,,INF002,OPS001
STK007,,,,,INF003,
STK007,,,,,INF005,
STK007,,,,,INF006,
STK007,,,,,INF007,
STK007,,,,,INF008,
STK007,,,,,INF009,OPS002
STK007,,,,,INF010,OPS003
STK007,,,,,INF013,
STK008,SWR011,,,,,
STK009,SWR009,TST002,,,,
STK009,SWR009,,SWA001,IMP001,,
STK009,SWR009,,SWA001,IMP002,,
STK009,SWR009,,SWA001,IMP003,,
STK009,SWR009,,SWA001,IMP004,,
STK009,SWR009,,SWA001,IMP013,,
STK009,SWR009,,SWA001,IMP014,,
STK009,SWR009,,SWA001,IMP015,,
STK009,SWR009,,SWA001,IMP016,,
STK009,SWR009,,SWA001,IMP017,,
STK009,SWR009,,SWA001,IMP018,,
STK009,SWR009,,SWA003,IMP005,,
STK009,SWR009,,SWA005,IMP005,,
STK009,SWR009,,SWA009,,,
STK009,SWR009,,SWA014,,,
STK009,SWR024,TST009,,,,
STK009,SWR024,,SWA016,IMP020,,
STK010,SWR012,,SWA007,IMP001,,
STK010,SWR012,,SWA007,IMP008,,
STK010,SWR012,,SWA007,IMP010,,
STK010,SWR012,,SWA007,IMP011,,
STK010,SWR012,,SWA007,IMP013,,
STK010,SWR013,,,,,
STK011,SWR004,,SWA006,,,
STK011,SWR004,,SWA008,IMP009,,
STK011,SWR004,,SWA008,IMP016,,
STK011,SWR014,,SWA006,,,
STK012,SWR015,TST006,,,,
STK012,SWR023,,,,,
STK012,SWR032,,SWA021,,,
STK013,SWR022,,,,,
STK014,SWR029,,SWA022,,,
STK014,SWR029,,SWA023,,,
STK015,SWR030,,,,,
STK016,SWR031,,SWA019,,,
STK016,SWR031,,SWA020,,,
STK016,,,,,INF004,
STK017,SWR033,TST010,,,,
STK017,SWR033,,SWA026,IMP026,,
STK017,SWR042,,SWA028,,,
STK018,SWR034,TST011,,,,
STK018,SWR034,,SWA025,IMP025,,
STK019,SWR035,TST012,,,,
STK019,SWR035,,SWA024,IMP024,,
STK019,SWR035,,SWA027,IMP027,,
STK019,SWR035,,SWA027,IMP028,,
STK020,SWR036,TST013,,,,
STK020,SWR036,,SWA027,IMP027,,
STK020,SWR036,,SWA027,IMP028,,
STK021,SWR037,TST013,,,,
STK021,SWR037,,SWA027,IMP027,,
STK021,SWR037,,SWA027,IMP028,,
STK022,SWR038,,,,,
STK023,,,,,,
STK024,,,,,,
STK025,SWR039,,,,,
STK026,SWR040,,,,,
STK027,SWR041,,SWA028,,,
STK027,SWR042,,SWA028,,,
STK028,SWR007,,SWA010,,,
STK028,SWR007,,SWA029,,,
STK028,SWR043,,SWA029,,,
STK028,SWR045,,,,,
STK028,SWR051,,,,,
STK029,SWR007,,SWA010,,,
STK029,SWR007,,SWA029,,,
STK029,SWR043,,SWA029,,,
STK030,,,,,,
STK031,SWR043,,SWA029,,,
STK031,SWR044,,,,,
STK031,SWR052,,,,,
STK032,SWR043,,SWA029,,,
STK032,SWR045,,,,,
STK033,SWR061,,,,,
STK034,,,,,,
STK035,,,,,INF011,
STK036,,,,,INF012,
STK037,SWR046,,,,,
STK038,SWR047,,,,,
STK038,SWR048,,,,,
STK038,SWR089,,SWA037,,,
STK038,,,,,INF015,
STK038,,,,,INF016,
STK039,SWR049,,,,,
STK040,SWR050,,,,,
STK041,SWR051,,,,,
STK042,SWR052,,,,,
STK043,SWR054,,,,,
STK044,SWR055,,,,,
STK045,SWR057,,SWA032,,,
STK045,SWR058,,,,,
STK045,SWR064,,,,,
STK045,,,,,INF014,
STK046,SWR059,,,,,
STK046,SWR060,,,,,
STK047,SWR061,,,,,
STK047,SWR062,,,,,
STK047,SWR063,,,,,
STK048,SWR065,,SWA033,,,
STK048,SWR066,,SWA033,,,
STK048,SWR067,,SWA033,,,
STK048,SWR068,,SWA033,,,
STK049,SWR069,,,,,
STK049,SWR070,,,,,
STK049,SWR071,,,,,
STK050,SWR072,,SWA034,,,
STK050,SWR073,,SWA034,,,
STK050,SWR074,,SWA034,,,
STK050,SWR075,,SWA034,,,
STK051,SWR076,,,,,
STK051,SWR077,,,,,
STK052,SWR078,,SWA035,,,
STK052,SWR079,,SWA035,,,
STK052,SWR080,,SWA035,,,
STK052,SWR081,,SWA035,,,
STK052,SWR082,,SWA035,,,
STK052,SWR083,,SWA035,,,
STK053,SWR084,,,,,
STK053,SWR085,,,,,
STK053,SWR086,,,,,
STK054,SWR087,,SWA036,,,
STK054,SWR088,,SWA036,,,
STK055,SWR091,,,,,
STK056,SWR092,,,,,
STK057,SWR093,,,,,
STK058,SWR094,,,,,
STK059,SWR095,,,,,
